-- MySQL Script generated by MySQL Workbench
-- Thu Oct 20 10:48:12 2016
-- Model: New Model    Version: 1.0
-- MySQL Workbench Forward Engineering

SET @OLD_UNIQUE_CHECKS=@@UNIQUE_CHECKS, UNIQUE_CHECKS=0;
SET @OLD_FOREIGN_KEY_CHECKS=@@FOREIGN_KEY_CHECKS, FOREIGN_KEY_CHECKS=0;
SET @OLD_SQL_MODE=@@SQL_MODE, SQL_MODE='TRADITIONAL,ALLOW_INVALID_DATES';

-- -----------------------------------------------------
-- Schema wjw14b
-- -----------------------------------------------------
DROP SCHEMA IF EXISTS `wjw14b` ;

-- -----------------------------------------------------
-- Schema wjw14b
-- -----------------------------------------------------
CREATE SCHEMA IF NOT EXISTS `wjw14b` DEFAULT CHARACTER SET utf8 ;
SHOW WARNINGS;
USE `wjw14b` ;

-- -----------------------------------------------------
-- Table `wjw14b`.`petstore`
-- -----------------------------------------------------
DROP TABLE IF EXISTS `wjw14b`.`petstore` ;

SHOW WARNINGS;
CREATE TABLE IF NOT EXISTS `wjw14b`.`petstore` (
  `pst_id` SMALLINT UNSIGNED NOT NULL AUTO_INCREMENT,
  `pst_name` VARCHAR(30) NOT NULL,
  `pst_street` VARCHAR(30) NOT NULL,
  `pst_city` VARCHAR(30) NOT NULL,
  `pst_state` CHAR(2) NOT NULL,
  `pst_zip` INT(9) NOT NULL,
  `pst_phone` BIGINT NOT NULL,
  `pst_email` VARCHAR(100) NOT NULL,
  `pst_url` VARCHAR(100) NOT NULL,
  `pst_ytd_sales` DECIMAL(10,2) NOT NULL,
  `pst_notes` VARCHAR(255) NULL,
  PRIMARY KEY (`pst_id`))
ENGINE = InnoDB;

SHOW WARNINGS;

-- -----------------------------------------------------
-- Table `wjw14b`.`customer`
-- -----------------------------------------------------
DROP TABLE IF EXISTS `wjw14b`.`customer` ;

SHOW WARNINGS;
CREATE TABLE IF NOT EXISTS `wjw14b`.`customer` (
  `cus_id` SMALLINT UNSIGNED NOT NULL AUTO_INCREMENT,
  `cus_fname` VARCHAR(15) NOT NULL,
  `cus_lname` VARCHAR(30) NOT NULL,
  `cus_street` VARCHAR(30) NOT NULL,
  `cus_city` VARCHAR(30) NOT NULL,
  `cus_state` CHAR(2) NOT NULL,
  `cus_zip` INT NOT NULL,
  `cus_phone` BIGINT NOT NULL,
  `cus_email` VARCHAR(100) NOT NULL,
  `cus_balance` DECIMAL(6,2) NOT NULL,
  `cus_total_sales` DECIMAL(6,2) NOT NULL,
  `cus_notes` VARCHAR(255) NULL,
  PRIMARY KEY (`cus_id`))
ENGINE = InnoDB;

SHOW WARNINGS;

-- -----------------------------------------------------
-- Table `wjw14b`.`pet`
-- -----------------------------------------------------
DROP TABLE IF EXISTS `wjw14b`.`pet` ;

SHOW WARNINGS;
CREATE TABLE IF NOT EXISTS `wjw14b`.`pet` (
  `pet_id` SMALLINT UNSIGNED NOT NULL AUTO_INCREMENT,
  `pst_id` SMALLINT UNSIGNED NOT NULL,
  `cst_id` SMALLINT UNSIGNED NULL,
  `pet_type` VARCHAR(45) NOT NULL,
  `pet_sex` ENUM('m', 'f') NOT NULL,
  `pet_cost` DECIMAL(6,2) NOT NULL,
  `pet_price` DECIMAL(6,2) NOT NULL,
  `pet_age` TINYINT NOT NULL,
  `pet_color` VARCHAR(30) NOT NULL,
  `pet_sale_date` DATE NULL,
  `pet_vaccine` ENUM('y', 'n') NOT NULL,
  `pet_neuter` ENUM('y', 'n') NOT NULL,
  `pet_notes` VARCHAR(255) NULL,
  PRIMARY KEY (`pet_id`),
  INDEX `fk_table2_petstore_idx` (`pst_id` ASC),
  INDEX `fk_table2_customer1_idx` (`cst_id` ASC),
  CONSTRAINT `fk_table2_petstore`
    FOREIGN KEY (`pst_id`)
    REFERENCES `wjw14b`.`petstore` (`pst_id`)
    ON DELETE NO ACTION
    ON UPDATE NO ACTION,
  CONSTRAINT `fk_table2_customer1`
    FOREIGN KEY (`cst_id`)
    REFERENCES `wjw14b`.`customer` (`cus_id`)
    ON DELETE NO ACTION
    ON UPDATE NO ACTION)
ENGINE = InnoDB;

SHOW WARNINGS;

SET SQL_MODE=@OLD_SQL_MODE;
SET FOREIGN_KEY_CHECKS=@OLD_FOREIGN_KEY_CHECKS;
SET UNIQUE_CHECKS=@OLD_UNIQUE_CHECKS;

-- -----------------------------------------------------
-- Data for table `wjw14b`.`petstore`
-- -----------------------------------------------------
START TRANSACTION;
USE `wjw14b`;
INSERT INTO `wjw14b`.`petstore` (`pst_id`, `pst_name`, `pst_street`, `pst_city`, `pst_state`, `pst_zip`, `pst_phone`, `pst_email`, `pst_url`, `pst_ytd_sales`, `pst_notes`) VALUES (111, 'Paws and Claws', 'Main st.', 'Chicago', 'IL', 60614, 7184345890, 'pclaw2@pawsnclaws.com', 'www.pawsnclaws.com', 10000, 'opened in august');
INSERT INTO `wjw14b`.`petstore` (`pst_id`, `pst_name`, `pst_street`, `pst_city`, `pst_state`, `pst_zip`, `pst_phone`, `pst_email`, `pst_url`, `pst_ytd_sales`, `pst_notes`) VALUES (222, 'Pets R Us', 'Jefferson st.', 'Atlanta', 'GA', 49443, 5348890904, 'pru@petsrus.com', 'www.petsrus.com', 20000, 'just got renovated');
INSERT INTO `wjw14b`.`petstore` (`pst_id`, `pst_name`, `pst_street`, `pst_city`, `pst_state`, `pst_zip`, `pst_phone`, `pst_email`, `pst_url`, `pst_ytd_sales`, `pst_notes`) VALUES (333, 'Dog Dayz', 'Monroe st.', 'Atlanta', 'GA', 44902, 5529828712, 'ddays@dogdays.com', 'www.dogdays.com', 30000, 'has been open for 5 years');
INSERT INTO `wjw14b`.`petstore` (`pst_id`, `pst_name`, `pst_street`, `pst_city`, `pst_state`, `pst_zip`, `pst_phone`, `pst_email`, `pst_url`, `pst_ytd_sales`, `pst_notes`) VALUES (444, 'The Woof Factory', 'Washington st.', 'Seattle', 'WA', 57392, 3246673217, 'wfac@wolffactor.com', 'www.wolffactor.com', 25000, 'opened in july');
INSERT INTO `wjw14b`.`petstore` (`pst_id`, `pst_name`, `pst_street`, `pst_city`, `pst_state`, `pst_zip`, `pst_phone`, `pst_email`, `pst_url`, `pst_ytd_sales`, `pst_notes`) VALUES (555, 'The Best Pets', 'Hollywood blvrd.', 'San Diego', 'CA', 30322, 4229863244, 'tbp@thebestpets.com', 'www.thebestpets.com', 22000, 'opened in 2000');
INSERT INTO `wjw14b`.`petstore` (`pst_id`, `pst_name`, `pst_street`, `pst_city`, `pst_state`, `pst_zip`, `pst_phone`, `pst_email`, `pst_url`, `pst_ytd_sales`, `pst_notes`) VALUES (666, 'Pooches', 'Hillsborough dr.', 'San Fransisco', 'CA', 32339, 4384329008, 'pooch@pooches.com', 'www.pooches.com', 12000, 'had least amount of sales');
INSERT INTO `wjw14b`.`petstore` (`pst_id`, `pst_name`, `pst_street`, `pst_city`, `pst_state`, `pst_zip`, `pst_phone`, `pst_email`, `pst_url`, `pst_ytd_sales`, `pst_notes`) VALUES (777, 'John\'s Petstore', 'Third st.', 'Chicago', 'IL', 65009, 7698784533, 'jp@johnspstore.com', 'www.johnspstore.com', 17000, 'opened in 1997');
INSERT INTO `wjw14b`.`petstore` (`pst_id`, `pst_name`, `pst_street`, `pst_city`, `pst_state`, `pst_zip`, `pst_phone`, `pst_email`, `pst_url`, `pst_ytd_sales`, `pst_notes`) VALUES (888, 'Midwest Pets', 'Jackson dr.', 'Atlanta', 'GA', 58588, 4599214378, 'mp@midwestpets.com', 'www.midwestpets.com', 30000, 'opened in october');
INSERT INTO `wjw14b`.`petstore` (`pst_id`, `pst_name`, `pst_street`, `pst_city`, `pst_state`, `pst_zip`, `pst_phone`, `pst_email`, `pst_url`, `pst_ytd_sales`, `pst_notes`) VALUES (999, 'Animalia', 'Monticello rd.', 'San Diego', 'CA', 20233, 4499813322, 'am@animalia.com', 'www.animalia.com', 13000, 'opened in may');
INSERT INTO `wjw14b`.`petstore` (`pst_id`, `pst_name`, `pst_street`, `pst_city`, `pst_state`, `pst_zip`, `pst_phone`, `pst_email`, `pst_url`, `pst_ytd_sales`, `pst_notes`) VALUES (112, 'Chows Pets', 'Nowhere rd.', 'Chicago', 'IL', 65667, 6084674112, 'cp@chowspets.com', 'www.chowspets.com', 16000, 'opened in 2001');

COMMIT;


-- -----------------------------------------------------
-- Data for table `wjw14b`.`customer`
-- -----------------------------------------------------
START TRANSACTION;
USE `wjw14b`;
INSERT INTO `wjw14b`.`customer` (`cus_id`, `cus_fname`, `cus_lname`, `cus_street`, `cus_city`, `cus_state`, `cus_zip`, `cus_phone`, `cus_email`, `cus_balance`, `cus_total_sales`, `cus_notes`) VALUES (1, 'Bob', 'Jones', ' Easy st.', 'Chicago', 'IL', 60456, 7109185538, 'bj123@gmail.com', 22.34, 30.00, 'customer is disabled');
INSERT INTO `wjw14b`.`customer` (`cus_id`, `cus_fname`, `cus_lname`, `cus_street`, `cus_city`, `cus_state`, `cus_zip`, `cus_phone`, `cus_email`, `cus_balance`, `cus_total_sales`, `cus_notes`) VALUES (2, 'Jim', 'Mayer', 'Lincoln dr.', 'Atlanta', 'GA', 45675, 3039006178, 'jmay88@yahoo.com', 90.34, 100.20, 'customer bought a poodle');
INSERT INTO `wjw14b`.`customer` (`cus_id`, `cus_fname`, `cus_lname`, `cus_street`, `cus_city`, `cus_state`, `cus_zip`, `cus_phone`, `cus_email`, `cus_balance`, `cus_total_sales`, `cus_notes`) VALUES (3, 'Natalie', 'Hustman', 'Left Turn ave.', 'San Diego', 'CA', 20289, 2108995754, 'nhus3@yahoo.com', 33.00, 35.00, 'customer bought a bird');
INSERT INTO `wjw14b`.`customer` (`cus_id`, `cus_fname`, `cus_lname`, `cus_street`, `cus_city`, `cus_state`, `cus_zip`, `cus_phone`, `cus_email`, `cus_balance`, `cus_total_sales`, `cus_notes`) VALUES (4, 'Tony', 'Gonzales', '85th st.', 'San Fransisco', 'CA', 21224, 2105445158, 'tgonzal55@gmail.com', 43.82, 44.00, 'customer bought a pug');
INSERT INTO `wjw14b`.`customer` (`cus_id`, `cus_fname`, `cus_lname`, `cus_street`, `cus_city`, `cus_state`, `cus_zip`, `cus_phone`, `cus_email`, `cus_balance`, `cus_total_sales`, `cus_notes`) VALUES (5, 'Rachel', 'Kilgore', 'Town ave.', 'Chicago', 'IL', 65098, 7059981123, 'rkilg442@yahoo.com', 88.98, 90.00, 'customer paid by check');
INSERT INTO `wjw14b`.`customer` (`cus_id`, `cus_fname`, `cus_lname`, `cus_street`, `cus_city`, `cus_state`, `cus_zip`, `cus_phone`, `cus_email`, `cus_balance`, `cus_total_sales`, `cus_notes`) VALUES (6, 'Kim', 'Bastile', 'Holy st.', 'Austin', 'TX', 46773, 4149878817, 'kbasttt@yahoo.com', 101.20, 120.00, 'customer bought a lizard');
INSERT INTO `wjw14b`.`customer` (`cus_id`, `cus_fname`, `cus_lname`, `cus_street`, `cus_city`, `cus_state`, `cus_zip`, `cus_phone`, `cus_email`, `cus_balance`, `cus_total_sales`, `cus_notes`) VALUES (7, 'Beth', 'Kohlman', 'Streetwood dr.', 'Seattle', 'WA', 11090, 3445676690, 'bethkohl01@gmail.com', 120.33, 130.00, 'customer bought a cat');
INSERT INTO `wjw14b`.`customer` (`cus_id`, `cus_fname`, `cus_lname`, `cus_street`, `cus_city`, `cus_state`, `cus_zip`, `cus_phone`, `cus_email`, `cus_balance`, `cus_total_sales`, `cus_notes`) VALUES (8, 'Josh', 'Brown', 'Washington ave.', 'New Orleans', 'LA', 69096, 7808124453, 'jbrown@yahoo.com', 89.99, 90.00, 'customer bought a doghouse');
INSERT INTO `wjw14b`.`customer` (`cus_id`, `cus_fname`, `cus_lname`, `cus_street`, `cus_city`, `cus_state`, `cus_zip`, `cus_phone`, `cus_email`, `cus_balance`, `cus_total_sales`, `cus_notes`) VALUES (9, 'Joe', 'Johnson', 'Jefferson st.', 'Seattle', 'WA', 12589, 9135444325, 'joejohnmon33@gmail.com', 72.80, 75.00, 'customer bought a cockatoo');
INSERT INTO `wjw14b`.`customer` (`cus_id`, `cus_fname`, `cus_lname`, `cus_street`, `cus_city`, `cus_state`, `cus_zip`, `cus_phone`, `cus_email`, `cus_balance`, `cus_total_sales`, `cus_notes`) VALUES (10, 'Holly', 'Chu', 'Panama dr.', 'Chicago', 'IL', 62115, 7759930987, 'hchu22@yahoo.com', 45.50, 50.00, 'customer bought a mouse');

COMMIT;


-- -----------------------------------------------------
-- Data for table `wjw14b`.`pet`
-- -----------------------------------------------------
START TRANSACTION;
USE `wjw14b`;
INSERT INTO `wjw14b`.`pet` (`pet_id`, `pst_id`, `cst_id`, `pet_type`, `pet_sex`, `pet_cost`, `pet_price`, `pet_age`, `pet_color`, `pet_sale_date`, `pet_vaccine`, `pet_neuter`, `pet_notes`) VALUES (11, 111, 1, 'dog', 'm', 100.00, 120.00, 10, 'brown', '7/02/16', 'hepatitis', 'y', 'pet is energetic');
INSERT INTO `wjw14b`.`pet` (`pet_id`, `pst_id`, `cst_id`, `pet_type`, `pet_sex`, `pet_cost`, `pet_price`, `pet_age`, `pet_color`, `pet_sale_date`, `pet_vaccine`, `pet_neuter`, `pet_notes`) VALUES (12, 222, 2, 'cat', 'f', 80.00, 100.00, 4, 'white', '6/06/16', 'flea', 'y', 'pet has diabetes');
INSERT INTO `wjw14b`.`pet` (`pet_id`, `pst_id`, `cst_id`, `pet_type`, `pet_sex`, `pet_cost`, `pet_price`, `pet_age`, `pet_color`, `pet_sale_date`, `pet_vaccine`, `pet_neuter`, `pet_notes`) VALUES (13, 333, 3, 'lizard', 'f', 30.00, 32.00, 5, 'green', '6/10/16', 'tapeworm', 'n', 'pet is allergic to cheese');
INSERT INTO `wjw14b`.`pet` (`pet_id`, `pst_id`, `cst_id`, `pet_type`, `pet_sex`, `pet_cost`, `pet_price`, `pet_age`, `pet_color`, `pet_sale_date`, `pet_vaccine`, `pet_neuter`, `pet_notes`) VALUES (14, 444, 4, 'monkey', 'm', 500.00, 510.00, 12, 'white', '7/14/16', 'hepatitis', 'y', 'pet is very calm');
INSERT INTO `wjw14b`.`pet` (`pet_id`, `pst_id`, `cst_id`, `pet_type`, `pet_sex`, `pet_cost`, `pet_price`, `pet_age`, `pet_color`, `pet_sale_date`, `pet_vaccine`, `pet_neuter`, `pet_notes`) VALUES (15, 555, 5, 'flamingo', 'm', 200.00, 212.00, 12, 'pink', '8/12/16', 'DTV', 'y', 'pet bites a lot');
INSERT INTO `wjw14b`.`pet` (`pet_id`, `pst_id`, `cst_id`, `pet_type`, `pet_sex`, `pet_cost`, `pet_price`, `pet_age`, `pet_color`, `pet_sale_date`, `pet_vaccine`, `pet_neuter`, `pet_notes`) VALUES (16, 666, 6, 'cat', 'm', 80.00, 101.00, 9, 'red', '7/13/16', 'tapeworm', 'n', 'pet was abused');
INSERT INTO `wjw14b`.`pet` (`pet_id`, `pst_id`, `cst_id`, `pet_type`, `pet_sex`, `pet_cost`, `pet_price`, `pet_age`, `pet_color`, `pet_sale_date`, `pet_vaccine`, `pet_neuter`, `pet_notes`) VALUES (17, 777, 7, 'snake', 'f', 20.00, 25.00, 5, 'black', '4/12/16', 'flea', 'n', 'pet need extra care');
INSERT INTO `wjw14b`.`pet` (`pet_id`, `pst_id`, `cst_id`, `pet_type`, `pet_sex`, `pet_cost`, `pet_price`, `pet_age`, `pet_color`, `pet_sale_date`, `pet_vaccine`, `pet_neuter`, `pet_notes`) VALUES (18, 888, 8, 'ferret', 'f', 25.00, 29.00, 3, 'brown', '6/17/16', 'Rabies', 'y', 'pet had rabies not anymore');
INSERT INTO `wjw14b`.`pet` (`pet_id`, `pst_id`, `cst_id`, `pet_type`, `pet_sex`, `pet_cost`, `pet_price`, `pet_age`, `pet_color`, `pet_sale_date`, `pet_vaccine`, `pet_neuter`, `pet_notes`) VALUES (19, 999, 9, 'mouse', 'm', 10.00, 15.00, 8, 'grey', '5/12/15', 'flea', 'y', 'pet is allergic to tomatoes');
INSERT INTO `wjw14b`.`pet` (`pet_id`, `pst_id`, `cst_id`, `pet_type`, `pet_sex`, `pet_cost`, `pet_price`, `pet_age`, `pet_color`, `pet_sale_date`, `pet_vaccine`, `pet_neuter`, `pet_notes`) VALUES (20, 112, 10, 'gerbal', 'f', 15.00, 17.00, 10, 'yellow', '4/14/16', 'Rabies', 'y', 'pet doesn\'t like bananas');

COMMIT;

